{"ADA/EUR": {"precio": 0.16263, "decision": "MANTENER", "puntos": -7, "umbral": 5, "rsi": 68.13705090858647, "prob_mc": 28.92, "sizing": "\u2014", "kelly": 16.9, "stop": 3.0, "take": 8.0}, "SOL/EUR": {"precio": 70.102, "decision": "MANTENER", "puntos": -6, "umbral": 6, "rsi": 64.98590938651637, "prob_mc": 35.38, "sizing": "\u2014", "kelly": 23.1, "stop": 3.0, "take": 10.0}, "ETH/EUR": {"precio": 1537.34, "decision": "MANTENER", "puntos": -6, "umbral": 4, "rsi": 55.69833045480714, "prob_mc": 41.199999999999996, "sizing": "\u2014", "kelly": 18.3, "stop": 3.0, "take": 10.0}, "BNB/EUR": {"precio": 502.96, "decision": "MANTENER", "puntos": -1, "umbral": 7, "rsi": 46.034968979131435, "prob_mc": 44.14, "sizing": "\u2014", "kelly": 28.4, "stop": 2.0, "take": 10.0}, "BTC/EUR": {"precio": 54801.0, "decision": "MANTENER", "puntos": -3, "umbral": 5, "rsi": 48.23282929495354, "prob_mc": 34.599999999999994, "sizing": "\u2014", "kelly": 15.1, "stop": 2.0, "take": 8.0}}